<?xml version="1.0" encoding="UTF-8" standalone="no"?>
<!-- Automatically built by the EDMC infrastructure -->
<catalog xmlns="urn:oasis:names:tc:entity:xmlns:xml:catalog" prefer="public">
    <uri name="https://spec.pistoiaalliance.org/idmp/ontology/AboutIDMPProd-ReferenceIndividuals/" uri="./AboutIDMPProd-ReferenceIndividuals.rdf"/>
    <uri name="https://spec.pistoiaalliance.org/idmp/ontology/master/v1.2.0/AboutIDMPProd-ReferenceIndividuals/" uri="./AboutIDMPProd-ReferenceIndividuals.rdf"/>
    <uri name="https://www.omg.org/spec/Commons/AnnotationVocabulary/" uri="./CMNS/AnnotationVocabulary.rdf"/>
    <uri name="https://www.omg.org/spec/Commons/20221101/AnnotationVocabulary/" uri="./CMNS/AnnotationVocabulary.rdf"/>
    <uri name="https://www.omg.org/spec/Commons/AsianJurisdiction/WesternAsiaGovernmentEntitiesAndJurisdictions/" uri="./CMNS/AsianJurisdiction/WesternAsiaGovernmentEntitiesAndJurisdictions.rdf"/>
    <uri name="https://www.omg.org/spec/Commons/20221101/AsianJurisdiction/WesternAsiaGovernmentEntitiesAndJurisdictions/" uri="./CMNS/AsianJurisdiction/WesternAsiaGovernmentEntitiesAndJurisdictions.rdf"/>
    <uri name="https://www.omg.org/spec/Commons/Classifiers/" uri="./CMNS/Classifiers.rdf"/>
    <uri name="https://www.omg.org/spec/Commons/20221101/Classifiers/" uri="./CMNS/Classifiers.rdf"/>
    <uri name="https://www.omg.org/spec/Commons/CodesAndCodeSets/" uri="./CMNS/CodesAndCodeSets.rdf"/>
    <uri name="https://www.omg.org/spec/Commons/20221101/CodesAndCodeSets/" uri="./CMNS/CodesAndCodeSets.rdf"/>
    <uri name="https://www.omg.org/spec/Commons/Collections/" uri="./CMNS/Collections.rdf"/>
    <uri name="https://www.omg.org/spec/Commons/20221101/Collections/" uri="./CMNS/Collections.rdf"/>
    <uri name="https://www.omg.org/spec/Commons/ContextualDesignators/" uri="./CMNS/ContextualDesignators.rdf"/>
    <uri name="https://www.omg.org/spec/Commons/20221101/ContextualDesignators/" uri="./CMNS/ContextualDesignators.rdf"/>
    <uri name="https://www.omg.org/spec/Commons/ContextualIdentifiers/" uri="./CMNS/ContextualIdentifiers.rdf"/>
    <uri name="https://www.omg.org/spec/Commons/20221101/ContextualIdentifiers/" uri="./CMNS/ContextualIdentifiers.rdf"/>
    <uri name="https://www.omg.org/spec/Commons/DatesAndTimes/" uri="./CMNS/DatesAndTimes.rdf"/>
    <uri name="https://www.omg.org/spec/Commons/20230801/DatesAndTimes/" uri="./CMNS/DatesAndTimes.rdf"/>
    <uri name="https://www.omg.org/spec/Commons/Designators/" uri="./CMNS/Designators.rdf"/>
    <uri name="https://www.omg.org/spec/Commons/20221101/Designators/" uri="./CMNS/Designators.rdf"/>
    <uri name="https://www.omg.org/spec/Commons/Documents/" uri="./CMNS/Documents.rdf"/>
    <uri name="https://www.omg.org/spec/Commons/20230801/Documents/" uri="./CMNS/Documents.rdf"/>
    <uri name="https://www.omg.org/spec/Commons/EuropeanJurisdiction/EUGovernmentEntitiesAndJurisdictions/" uri="./CMNS/EuropeanJurisdiction/EUGovernmentEntitiesAndJurisdictions.rdf"/>
    <uri name="https://www.omg.org/spec/Commons/20230801/EuropeanJurisdiction/EUGovernmentEntitiesAndJurisdictions/" uri="./CMNS/EuropeanJurisdiction/EUGovernmentEntitiesAndJurisdictions.rdf"/>
    <uri name="https://www.omg.org/spec/Commons/EuropeanJurisdiction/EasternEuropeGovernmentEntitiesAndJurisdictions/" uri="./CMNS/EuropeanJurisdiction/EasternEuropeGovernmentEntitiesAndJurisdictions.rdf"/>
    <uri name="https://www.omg.org/spec/Commons/20221101/EuropeanJurisdiction/EasternEuropeGovernmentEntitiesAndJurisdictions/" uri="./CMNS/EuropeanJurisdiction/EasternEuropeGovernmentEntitiesAndJurisdictions.rdf"/>
    <uri name="https://www.omg.org/spec/Commons/EuropeanJurisdiction/NorthernEuropeGovernmentEntitiesAndJurisdictions/" uri="./CMNS/EuropeanJurisdiction/NorthernEuropeGovernmentEntitiesAndJurisdictions.rdf"/>
    <uri name="https://www.omg.org/spec/Commons/20221101/EuropeanJurisdiction/NorthernEuropeGovernmentEntitiesAndJurisdictions/" uri="./CMNS/EuropeanJurisdiction/NorthernEuropeGovernmentEntitiesAndJurisdictions.rdf"/>
    <uri name="https://www.omg.org/spec/Commons/EuropeanJurisdiction/SouthernEuropeGovernmentEntitiesAndJurisdictions/" uri="./CMNS/EuropeanJurisdiction/SouthernEuropeGovernmentEntitiesAndJurisdictions.rdf"/>
    <uri name="https://www.omg.org/spec/Commons/20221101/EuropeanJurisdiction/SouthernEuropeGovernmentEntitiesAndJurisdictions/" uri="./CMNS/EuropeanJurisdiction/SouthernEuropeGovernmentEntitiesAndJurisdictions.rdf"/>
    <uri name="https://www.omg.org/spec/Commons/EuropeanJurisdiction/UKGovernmentEntitiesAndJurisdictions/" uri="./CMNS/EuropeanJurisdiction/UKGovernmentEntitiesAndJurisdictions.rdf"/>
    <uri name="https://www.omg.org/spec/Commons/20221201/EuropeanJurisdiction/UKGovernmentEntitiesAndJurisdictions/" uri="./CMNS/EuropeanJurisdiction/UKGovernmentEntitiesAndJurisdictions.rdf"/>
    <uri name="https://www.omg.org/spec/Commons/EuropeanJurisdiction/WesternEuropeGovernmentEntitiesAndJurisdictions/" uri="./CMNS/EuropeanJurisdiction/WesternEuropeGovernmentEntitiesAndJurisdictions.rdf"/>
    <uri name="https://www.omg.org/spec/Commons/20221101/EuropeanJurisdiction/WesternEuropeGovernmentEntitiesAndJurisdictions/" uri="./CMNS/EuropeanJurisdiction/WesternEuropeGovernmentEntitiesAndJurisdictions.rdf"/>
    <uri name="https://www.omg.org/spec/Commons/GovernmentEntities/" uri="./CMNS/GovernmentEntities.rdf"/>
    <uri name="https://www.omg.org/spec/Commons/20230801/GovernmentEntities/" uri="./CMNS/GovernmentEntities.rdf"/>
    <uri name="https://www.omg.org/spec/Commons/Identifiers/" uri="./CMNS/Identifiers.rdf"/>
    <uri name="https://www.omg.org/spec/Commons/20221101/Identifiers/" uri="./CMNS/Identifiers.rdf"/>
    <uri name="https://www.omg.org/spec/Commons/Locations/" uri="./CMNS/Locations.rdf"/>
    <uri name="https://www.omg.org/spec/Commons/20240401/Locations/" uri="./CMNS/Locations.rdf"/>
    <uri name="https://www.omg.org/spec/Commons/MetadataCMNS/" uri="./CMNS/MetadataCMNS.rdf"/>
    <uri name="https://www.omg.org/spec/Commons/20230901/MetadataCMNS/" uri="./CMNS/MetadataCMNS.rdf"/>
    <uri name="https://www.omg.org/spec/Commons/Organizations/" uri="./CMNS/Organizations.rdf"/>
    <uri name="https://www.omg.org/spec/Commons/20240801/Organizations/" uri="./CMNS/Organizations.rdf"/>
    <uri name="https://www.omg.org/spec/Commons/PartiesAndSituations/" uri="./CMNS/PartiesAndSituations.rdf"/>
    <uri name="https://www.omg.org/spec/Commons/20230801/PartiesAndSituations/" uri="./CMNS/PartiesAndSituations.rdf"/>
    <uri name="https://www.omg.org/spec/Commons/ProductsAndServices/" uri="./CMNS/ProductsAndServices.rdf"/>
    <uri name="https://www.omg.org/spec/Commons/20240801/ProductsAndServices/" uri="./CMNS/ProductsAndServices.rdf"/>
    <uri name="https://www.omg.org/spec/Commons/QuantitiesAndUnits/" uri="./CMNS/QuantitiesAndUnits.rdf"/>
    <uri name="https://www.omg.org/spec/Commons/20240501/QuantitiesAndUnits/" uri="./CMNS/QuantitiesAndUnits.rdf"/>
    <uri name="https://www.omg.org/spec/Commons/RegistrationAuthorities/" uri="./CMNS/RegistrationAuthorities.rdf"/>
    <uri name="https://www.omg.org/spec/Commons/20230701/RegistrationAuthorities/" uri="./CMNS/RegistrationAuthorities.rdf"/>
    <uri name="https://www.omg.org/spec/Commons/RegulatoryAgencies/" uri="./CMNS/RegulatoryAgencies.rdf"/>
    <uri name="https://www.omg.org/spec/Commons/20240801/RegulatoryAgencies/" uri="./CMNS/RegulatoryAgencies.rdf"/>
    <uri name="https://www.omg.org/spec/Commons/RolesAndCompositions/" uri="./CMNS/RolesAndCompositions.rdf"/>
    <uri name="https://www.omg.org/spec/Commons/20230801/RolesAndCompositions/" uri="./CMNS/RolesAndCompositions.rdf"/>
    <uri name="https://www.omg.org/spec/Commons/StatisticalMeasures/" uri="./CMNS/StatisticalMeasures.rdf"/>
    <uri name="https://www.omg.org/spec/Commons/20230901/Statistics/" uri="./CMNS/StatisticalMeasures.rdf"/>
    <uri name="https://www.omg.org/spec/Commons/TextDatatype/" uri="./CMNS/TextDatatype.rdf"/>
    <uri name="https://www.omg.org/spec/Commons/20221101/TextDatatype/" uri="./CMNS/TextDatatype.rdf"/>
    <uri name="https://spec.pistoiaalliance.org/idmp/ontology/EXT/MetadataEXT/" uri="./EXT/MetadataEXT.rdf"/>
    <uri name="https://spec.pistoiaalliance.org/idmp/ontology/master/v1.2.0/EXT/MetadataEXT/" uri="./EXT/MetadataEXT.rdf"/>
    <uri name="https://spec.pistoiaalliance.org/idmp/ontology/ISO/EuropeanJurisdiction/EuropeanRegistrationAuthorities/" uri="./ISO/EuropeanJurisdiction/EuropeanRegistrationAuthorities.rdf"/>
    <uri name="https://spec.pistoiaalliance.org/idmp/ontology/master/v1.2.0/ISO/EuropeanJurisdiction/EuropeanRegistrationAuthorities/" uri="./ISO/EuropeanJurisdiction/EuropeanRegistrationAuthorities.rdf"/>
    <uri name="https://spec.pistoiaalliance.org/idmp/ontology/ISO/EuropeanJurisdiction/EuropeanRegulatoryAgencies/" uri="./ISO/EuropeanJurisdiction/EuropeanRegulatoryAgencies.rdf"/>
    <uri name="https://spec.pistoiaalliance.org/idmp/ontology/master/v1.2.0/ISO/EuropeanJurisdiction/EuropeanRegulatoryAgencies/" uri="./ISO/EuropeanJurisdiction/EuropeanRegulatoryAgencies.rdf"/>
    <uri name="https://spec.pistoiaalliance.org/idmp/ontology/ISO/EuropeanJurisdiction/SubstancesProductsOrganisationsReferentials/" uri="./ISO/EuropeanJurisdiction/SubstancesProductsOrganisationsReferentials.rdf"/>
    <uri name="https://spec.pistoiaalliance.org/idmp/ontology/master/v1.2.0/ISO/EuropeanJurisdiction/SubstancesProductsOrganisationsReferentials/" uri="./ISO/EuropeanJurisdiction/SubstancesProductsOrganisationsReferentials.rdf"/>
    <uri name="https://spec.pistoiaalliance.org/idmp/ontology/ISO/ISO11238-RegistrationAuthorities/" uri="./ISO/ISO11238-RegistrationAuthorities.rdf"/>
    <uri name="https://spec.pistoiaalliance.org/idmp/ontology/master/v1.2.0/ISO/ISO11238-RegistrationAuthorities/" uri="./ISO/ISO11238-RegistrationAuthorities.rdf"/>
    <uri name="https://spec.pistoiaalliance.org/idmp/ontology/ISO/ISO11238-Substances/" uri="./ISO/ISO11238-Substances.rdf"/>
    <uri name="https://spec.pistoiaalliance.org/idmp/ontology/master/v1.2.0/ISO/ISO11238-Substances/" uri="./ISO/ISO11238-Substances.rdf"/>
    <uri name="https://spec.pistoiaalliance.org/idmp/ontology/ISO/ISO11239-PharmaceuticalDoseForms/" uri="./ISO/ISO11239-PharmaceuticalDoseForms.rdf"/>
    <uri name="https://spec.pistoiaalliance.org/idmp/ontology/master/v1.2.0/ISO/ISO11239-PharmaceuticalDoseForms/" uri="./ISO/ISO11239-PharmaceuticalDoseForms.rdf"/>
    <uri name="https://spec.pistoiaalliance.org/idmp/ontology/ISO/ISO11240-UnitsOfMeasurement/" uri="./ISO/ISO11240-UnitsOfMeasurement.rdf"/>
    <uri name="https://spec.pistoiaalliance.org/idmp/ontology/master/v1.2.0/ISO/ISO11240-UnitsOfMeasurement/" uri="./ISO/ISO11240-UnitsOfMeasurement.rdf"/>
    <uri name="https://spec.pistoiaalliance.org/idmp/ontology/ISO/ISO11615-MedicinalProducts/" uri="./ISO/ISO11615-MedicinalProducts.rdf"/>
    <uri name="https://spec.pistoiaalliance.org/idmp/ontology/master/v1.2.0/ISO/ISO11615-MedicinalProducts/" uri="./ISO/ISO11615-MedicinalProducts.rdf"/>
    <uri name="https://spec.pistoiaalliance.org/idmp/ontology/ISO/ISO11616-PharmaceuticalProducts/" uri="./ISO/ISO11616-PharmaceuticalProducts.rdf"/>
    <uri name="https://spec.pistoiaalliance.org/idmp/ontology/master/v1.2.0/ISO/ISO11616-PharmaceuticalProducts/" uri="./ISO/ISO11616-PharmaceuticalProducts.rdf"/>
    <uri name="https://spec.pistoiaalliance.org/idmp/ontology/ISO/ISO21090-HarmonizedDatatypes/" uri="./ISO/ISO21090-HarmonizedDatatypes.rdf"/>
    <uri name="https://spec.pistoiaalliance.org/idmp/ontology/master/v1.2.0/ISO/ISO21090-HarmonizedDatatypes/" uri="./ISO/ISO21090-HarmonizedDatatypes.rdf"/>
    <uri name="https://spec.pistoiaalliance.org/idmp/ontology/ISO/ISO5218-RepresentationOfHumanSexes/" uri="./ISO/ISO5218-RepresentationOfHumanSexes.rdf"/>
    <uri name="https://spec.pistoiaalliance.org/idmp/ontology/master/v1.2.0/ISO/ISO5218-RepresentationOfHumanSexes/" uri="./ISO/ISO5218-RepresentationOfHumanSexes.rdf"/>
    <uri name="https://spec.pistoiaalliance.org/idmp/ontology/ISO/MedicalDictionaryForRegulatoryActivities/" uri="./ISO/MedicalDictionaryForRegulatoryActivities.rdf"/>
    <uri name="https://spec.pistoiaalliance.org/idmp/ontology/master/v1.2.0/ISO/MedicalDictionaryForRegulatoryActivities/" uri="./ISO/MedicalDictionaryForRegulatoryActivities.rdf"/>
    <uri name="https://spec.pistoiaalliance.org/idmp/ontology/ISO/MetadataISO/" uri="./ISO/MetadataISO.rdf"/>
    <uri name="https://spec.pistoiaalliance.org/idmp/ontology/master/v1.2.0/ISO/MetadataISO/" uri="./ISO/MetadataISO.rdf"/>
    <uri name="https://spec.pistoiaalliance.org/idmp/ontology/ISO/NorthAmericanJurisdiction/CommonTerminologyCriteriaForAdverseEvents/" uri="./ISO/NorthAmericanJurisdiction/CommonTerminologyCriteriaForAdverseEvents.rdf"/>
    <uri name="https://spec.pistoiaalliance.org/idmp/ontology/master/v1.2.0/ISO/NorthAmericanJurisdiction/CommonTerminologyCriteriaForAdverseEvents/" uri="./ISO/NorthAmericanJurisdiction/CommonTerminologyCriteriaForAdverseEvents.rdf"/>
    <uri name="https://spec.pistoiaalliance.org/idmp/ontology/ISO/NorthAmericanJurisdiction/NorthAmericanRegistrationAuthorities/" uri="./ISO/NorthAmericanJurisdiction/NorthAmericanRegistrationAuthorities.rdf"/>
    <uri name="https://spec.pistoiaalliance.org/idmp/ontology/master/v1.2.0/ISO/NorthAmericanJurisdiction/NorthAmericanRegistrationAuthorities/" uri="./ISO/NorthAmericanJurisdiction/NorthAmericanRegistrationAuthorities.rdf"/>
    <uri name="https://spec.pistoiaalliance.org/idmp/ontology/ISO/NorthAmericanJurisdiction/NorthAmericanRegulatoryAgencies/" uri="./ISO/NorthAmericanJurisdiction/NorthAmericanRegulatoryAgencies.rdf"/>
    <uri name="https://spec.pistoiaalliance.org/idmp/ontology/master/v1.2.0/ISO/NorthAmericanJurisdiction/NorthAmericanRegulatoryAgencies/" uri="./ISO/NorthAmericanJurisdiction/NorthAmericanRegulatoryAgencies.rdf"/>
    <uri name="https://spec.pistoiaalliance.org/idmp/ontology/ISO/NorthAmericanJurisdiction/PublicHealthInformationNetwork/" uri="./ISO/NorthAmericanJurisdiction/PublicHealthInformationNetwork.rdf"/>
    <uri name="https://spec.pistoiaalliance.org/idmp/ontology/master/v1.2.0/ISO/NorthAmericanJurisdiction/PublicHealthInformationNetwork/" uri="./ISO/NorthAmericanJurisdiction/PublicHealthInformationNetwork.rdf"/>
    <uri name="https://www.omg.org/spec/LCC/Countries/CountryRepresentation/" uri="./LCC/Countries/CountryRepresentation.rdf"/>
    <uri name="https://www.omg.org/spec/LCC/20221101/Countries/CountryRepresentation/" uri="./LCC/Countries/CountryRepresentation.rdf"/>
    <uri name="https://www.omg.org/spec/LCC/Countries/ISO3166-1-CountryCodes/" uri="./LCC/Countries/ISO3166-1-CountryCodes.rdf"/>
    <uri name="https://www.omg.org/spec/LCC/20221101/Countries/ISO3166-1-CountryCodes/" uri="./LCC/Countries/ISO3166-1-CountryCodes.rdf"/>
    <uri name="https://www.omg.org/spec/LCC/Countries/ISO3166-2-SubdivisionCodes/" uri="./LCC/Countries/ISO3166-2-SubdivisionCodes.rdf"/>
    <uri name="https://www.omg.org/spec/LCC/20221101/Countries/ISO3166-2-SubdivisionCodes/" uri="./LCC/Countries/ISO3166-2-SubdivisionCodes.rdf"/>
    <uri name="https://www.omg.org/spec/LCC/Countries/Regions/ISO3166-2-SubdivisionCodes-GB/" uri="./LCC/Countries/Regions/ISO3166-2-SubdivisionCodes-GB.rdf"/>
    <uri name="https://www.omg.org/spec/LCC/20221101/Countries/Regions/ISO3166-2-SubdivisionCodes-GB/" uri="./LCC/Countries/Regions/ISO3166-2-SubdivisionCodes-GB.rdf"/>
    <uri name="https://www.omg.org/spec/LCC/Countries/UN-M49-RegionCodes/" uri="./LCC/Countries/UN-M49-RegionCodes.rdf"/>
    <uri name="https://www.omg.org/spec/LCC/20221101/Countries/UN-M49-RegionCodes/" uri="./LCC/Countries/UN-M49-RegionCodes.rdf"/>
    <uri name="https://www.omg.org/spec/LCC/Languages/ISO639-1-LanguageCodes/" uri="./LCC/Languages/ISO639-1-LanguageCodes.rdf"/>
    <uri name="https://www.omg.org/spec/LCC/20221101/Languages/ISO639-1-LanguageCodes/" uri="./LCC/Languages/ISO639-1-LanguageCodes.rdf"/>
    <uri name="https://www.omg.org/spec/LCC/Languages/ISO639-2-LanguageCodes/" uri="./LCC/Languages/ISO639-2-LanguageCodes.rdf"/>
    <uri name="https://www.omg.org/spec/LCC/20221101/Languages/ISO639-2-LanguageCodes/" uri="./LCC/Languages/ISO639-2-LanguageCodes.rdf"/>
    <uri name="https://www.omg.org/spec/LCC/Languages/LanguageRepresentation/" uri="./LCC/Languages/LanguageRepresentation.rdf"/>
    <uri name="https://www.omg.org/spec/LCC/20221101/Languages/LanguageRepresentation/" uri="./LCC/Languages/LanguageRepresentation.rdf"/>
    <uri name="https://www.omg.org/spec/LCC/MetadataLCC/" uri="./LCC/MetadataLCC.rdf"/>
    <uri name="https://www.omg.org/spec/LCC/20220901/MetadataLCC/" uri="./LCC/MetadataLCC.rdf"/>
    <uri name="https://spec.pistoiaalliance.org/idmp/ontology/META/ChangeManagement/" uri="./META/ChangeManagement.rdf"/>
    <uri name="https://spec.pistoiaalliance.org/idmp/ontology/master/v1.2.0/META/ChangeManagement/" uri="./META/ChangeManagement.rdf"/>
    <uri name="https://spec.pistoiaalliance.org/idmp/ontology/META/ISOConformanceAnnotations/" uri="./META/ISOConformanceAnnotations.rdf"/>
    <uri name="https://spec.pistoiaalliance.org/idmp/ontology/master/v1.2.0/META/ISOConformanceAnnotations/" uri="./META/ISOConformanceAnnotations.rdf"/>
    <uri name="https://spec.pistoiaalliance.org/idmp/ontology/META/MetadataMETA/" uri="./META/MetadataMETA.rdf"/>
    <uri name="https://spec.pistoiaalliance.org/idmp/ontology/master/v1.2.0/META/MetadataMETA/" uri="./META/MetadataMETA.rdf"/>
    <uri name="https://www.omg.org/spec/MVF/ISO1087-TerminologyScience/" uri="./MVF/ISO1087-TerminologyScience.rdf"/>
    <uri name="https://www.omg.org/spec/MVF/20230501/ISO1087-TerminologyScience/" uri="./MVF/ISO1087-TerminologyScience.rdf"/>
    <uri name="https://www.omg.org/spec/MVF/ISO1087-VocabularyForTermsAndDefinitions/" uri="./MVF/ISO1087-VocabularyForTermsAndDefinitions.rdf"/>
    <uri name="https://www.omg.org/spec/MVF/20230501/ISO1087-VocabularyForTermsAndDefinitions/" uri="./MVF/ISO1087-VocabularyForTermsAndDefinitions.rdf"/>
    <uri name="https://www.omg.org/spec/MVF/MVFtoSKOSMapping/" uri="./MVF/MVFtoSKOSMapping.rdf"/>
    <uri name="https://www.omg.org/spec/MVF/20230501/MVFtoSKOSMapping/" uri="./MVF/MVFtoSKOSMapping.rdf"/>
    <uri name="https://www.omg.org/spec/MVF/MetadataMVF/" uri="./MVF/MetadataMVF.rdf"/>
    <uri name="https://spec.pistoiaalliance.org/idmp/ontology/master/v1.2.0/MVF/MetadataMVF/" uri="./MVF/MetadataMVF.rdf"/>
    <uri name="https://www.omg.org/spec/MVF/MultipleVocabularyFacility/" uri="./MVF/MultipleVocabularyFacility.rdf"/>
    <uri name="https://www.omg.org/spec/MVF/20240801/MultipleVocabularyFacility/" uri="./MVF/MultipleVocabularyFacility.rdf"/>
    <uri name="https://spec.pistoiaalliance.org/idmp/ontology/MetadataIDMP/" uri="./MetadataIDMP.rdf"/>
    <uri name="https://spec.pistoiaalliance.org/idmp/ontology/master/v1.2.0/MetadataIDMP/" uri="./MetadataIDMP.rdf"/>
    <uri name="https://spec.pistoiaalliance.org/idmp/ontology/SPAR/MetadataSPAR/" uri="./SPAR/MetadataSPAR.rdf"/>
    <uri name="https://spec.pistoiaalliance.org/idmp/ontology/master/v1.2.0/SPAR/MetadataSPAR/" uri="./SPAR/MetadataSPAR.rdf"/>
    <uri name="http://purl.org/spar/deo/" uri="./SPAR/deo.rdf"/>
    <uri name="http://purl.org/spar/deo/2015-07-03" uri="./SPAR/deo.rdf"/>
    <uri name="http://purl.org/spar/doco/" uri="./SPAR/doco.rdf"/>
    <uri name="http://purl.org/spar/doco/2015-07-03" uri="./SPAR/doco.rdf"/>
    <uri name="http://purl.org/spar/po/" uri="./SPAR/po.rdf"/>
</catalog>
